date,category,item1,item2,item3,item4,difficulty,url1,url2,url3,url4,author
Jan1,,,,,,,,,,,
Jan1,,,,,,,,,,,
Jan1,,,,,,,,,,,
Jan1,,,,,,,,,,,
Jan2,,,,,,,,,,,
Jan2,,,,,,,,,,,
Jan2,,,,,,,,,,,
Jan2,,,,,,,,,,,
Jan3,,,,,,,,,,,
Jan3,,,,,,,,,,,
Jan3,,,,,,,,,,,
Jan3,,,,,,,,,,,
Jan4,,,,,,,,,,,
Jan4,,,,,,,,,,,
Jan4,,,,,,,,,,,
Jan4,,,,,,,,,,,
Jan5,,,,,,,,,,,
Jan5,,,,,,,,,,,
Jan5,,,,,,,,,,,
Jan5,,,,,,,,,,,
Jan6,,,,,,,,,,,
Jan6,,,,,,,,,,,
Jan6,,,,,,,,,,,
Jan6,,,,,,,,,,,
Jan07,,,,,,,,,,,
Jan07,,,,,,,,,,,
Jan07,,,,,,,,,,,
Jan07,,,,,,,,,,,
Jan08,,,,,,,,,,,
Jan08,,,,,,,,,,,
Jan08,,,,,,,,,,,
Jan08,,,,,,,,,,,
Jan09,,,,,,,,,,,
Jan09,,,,,,,,,,,
Jan09,,,,,,,,,,,
Jan09,,,,,,,,,,,
Jan10,,,,,,,,,,,
Jan10,,,,,,,,,,,
Jan10,,,,,,,,,,,
Jan10,,,,,,,,,,,
Jan11,,,,,,,,,,,
Jan11,,,,,,,,,,,
Jan11,,,,,,,,,,,
Jan11,,,,,,,,,,,
Jan12,,,,,,,,,,,
Jan12,,,,,,,,,,,
Jan12,,,,,,,,,,,
Jan12,,,,,,,,,,,
Jan13,,,,,,,,,,,
Jan13,,,,,,,,,,,
Jan13,,,,,,,,,,,
Jan13,,,,,,,,,,,
Jan14,,,,,,,,,,,
Jan14,,,,,,,,,,,
Jan14,,,,,,,,,,,
Jan14,,,,,,,,,,,
Jan15,,,,,,,,,,,
Jan15,,,,,,,,,,,
Jan15,,,,,,,,,,,
Jan15,,,,,,,,,,,
Jan16,,,,,,,,,,,
Jan16,,,,,,,,,,,
Jan16,,,,,,,,,,,
Jan16,,,,,,,,,,,
Jan17,,,,,,,,,,,
Jan17,,,,,,,,,,,
Jan17,,,,,,,,,,,
Jan17,,,,,,,,,,,
Jan18,,,,,,,,,,,
Jan18,,,,,,,,,,,
Jan18,,,,,,,,,,,
Jan18,,,,,,,,,,,
Jan19,,,,,,,,,,,
Jan19,,,,,,,,,,,
Jan19,,,,,,,,,,,
Jan19,,,,,,,,,,,
Jan20,,,,,,,,,,,
Jan20,,,,,,,,,,,
Jan20,,,,,,,,,,,
Jan20,,,,,,,,,,,
Jan21,,,,,,,,,,,
Jan21,,,,,,,,,,,
Jan21,,,,,,,,,,,
Jan21,,,,,,,,,,,
Jan22,,,,,,,,,,,
Jan22,,,,,,,,,,,
Jan22,,,,,,,,,,,
Jan22,,,,,,,,,,,
Jan23,,,,,,,,,,,
Jan23,,,,,,,,,,,
Jan23,,,,,,,,,,,
Jan23,,,,,,,,,,,
Jan24,,,,,,,,,,,
Jan24,,,,,,,,,,,
Jan24,,,,,,,,,,,
Jan24,,,,,,,,,,,
Jan25,,,,,,,,,,,
Jan25,,,,,,,,,,,
Jan25,,,,,,,,,,,
Jan25,,,,,,,,,,,
Jan26,,,,,,,,,,,
Jan26,,,,,,,,,,,
Jan26,,,,,,,,,,,
Jan26,,,,,,,,,,,
Jan27,,,,,,,,,,,
Jan27,,,,,,,,,,,
Jan27,,,,,,,,,,,
Jan27,,,,,,,,,,,
Jan28,,,,,,,,,,,
Jan28,,,,,,,,,,,
Jan28,,,,,,,,,,,
Jan28,,,,,,,,,,,
Jan29,,,,,,,,,,,
Jan29,,,,,,,,,,,
Jan29,,,,,,,,,,,
Jan29,,,,,,,,,,,
Jan30,,,,,,,,,,,
Jan30,,,,,,,,,,,
Jan30,,,,,,,,,,,
Jan30,,,,,,,,,,,
Jan31,,,,,,,,,,,
Jan31,,,,,,,,,,,
Jan31,,,,,,,,,,,
Jan31,,,,,,,,,,,
Feb01,,,,,,,,,,,
Feb01,,,,,,,,,,,
Feb01,,,,,,,,,,,
Feb01,,,,,,,,,,,
Feb02,,,,,,,,,,,
Feb02,,,,,,,,,,,
Feb02,,,,,,,,,,,
Feb02,,,,,,,,,,,
Feb03,,,,,,,,,,,
Feb03,,,,,,,,,,,
Feb03,,,,,,,,,,,
Feb03,,,,,,,,,,,
Feb04,,,,,,,,,,,
Feb04,,,,,,,,,,,
Feb04,,,,,,,,,,,
Feb04,,,,,,,,,,,
Feb05,,,,,,,,,,,
Feb05,,,,,,,,,,,
Feb05,,,,,,,,,,,
Feb05,,,,,,,,,,,
Feb06,,,,,,,,,,,
Feb06,,,,,,,,,,,
Feb06,,,,,,,,,,,
Feb06,,,,,,,,,,,
Feb07,,,,,,,,,,,
Feb07,,,,,,,,,,,
Feb07,,,,,,,,,,,
Feb07,,,,,,,,,,,
Feb08,,,,,,,,,,,
Feb08,,,,,,,,,,,
Feb08,,,,,,,,,,,
Feb08,,,,,,,,,,,
Feb09,,,,,,,,,,,
Feb09,,,,,,,,,,,
Feb09,,,,,,,,,,,
Feb09,,,,,,,,,,,
Feb10,,,,,,,,,,,
Feb10,,,,,,,,,,,
Feb10,,,,,,,,,,,
Feb10,,,,,,,,,,,
Feb11,,,,,,,,,,,
Feb11,,,,,,,,,,,
Feb11,,,,,,,,,,,
Feb11,,,,,,,,,,,
Feb12,,,,,,,,,,,
Feb12,,,,,,,,,,,
Feb12,,,,,,,,,,,
Feb12,,,,,,,,,,,
Feb13,,,,,,,,,,,
Feb13,,,,,,,,,,,
Feb13,,,,,,,,,,,
Feb13,,,,,,,,,,,
Feb14,,,,,,,,,,,
Feb14,,,,,,,,,,,
Feb14,,,,,,,,,,,
Feb14,,,,,,,,,,,
Feb15,,,,,,,,,,,
Feb15,,,,,,,,,,,
Feb15,,,,,,,,,,,
Feb15,,,,,,,,,,,
Feb16,,,,,,,,,,,
Feb16,,,,,,,,,,,
Feb16,,,,,,,,,,,
Feb16,,,,,,,,,,,
Feb17,,,,,,,,,,,
Feb17,,,,,,,,,,,
Feb17,,,,,,,,,,,
Feb17,,,,,,,,,,,
Feb18,,,,,,,,,,,
Feb18,,,,,,,,,,,
Feb18,,,,,,,,,,,
Feb18,,,,,,,,,,,
Feb19,,,,,,,,,,,
Feb19,,,,,,,,,,,
Feb19,,,,,,,,,,,
Feb19,,,,,,,,,,,
Feb20,,,,,,,,,,,
Feb20,,,,,,,,,,,
Feb20,,,,,,,,,,,
Feb20,,,,,,,,,,,
Feb21,,,,,,,,,,,
Feb21,,,,,,,,,,,
Feb21,,,,,,,,,,,
Feb21,,,,,,,,,,,
Feb22,,,,,,,,,,,
Feb22,,,,,,,,,,,
Feb22,,,,,,,,,,,
Feb22,,,,,,,,,,,
Feb23,,,,,,,,,,,
Feb23,,,,,,,,,,,
Feb23,,,,,,,,,,,
Feb23,,,,,,,,,,,
Feb24,,,,,,,,,,,
Feb24,,,,,,,,,,,
Feb24,,,,,,,,,,,
Feb24,,,,,,,,,,,
Feb25,,,,,,,,,,,
Feb25,,,,,,,,,,,
Feb25,,,,,,,,,,,
Feb25,,,,,,,,,,,
Feb26,,,,,,,,,,,
Feb26,,,,,,,,,,,
Feb26,,,,,,,,,,,
Feb26,,,,,,,,,,,
Feb27,,,,,,,,,,,
Feb27,,,,,,,,,,,
Feb27,,,,,,,,,,,
Feb27,,,,,,,,,,,
Feb28,,,,,,,,,,,
Feb28,,,,,,,,,,,
Feb28,,,,,,,,,,,
Feb28,,,,,,,,,,,
Feb29,,,,,,,,,,,
Feb29,,,,,,,,,,,
Feb29,,,,,,,,,,,
Feb29,,,,,,,,,,,
Mar01,,,,,,,,,,,
Mar01,,,,,,,,,,,
Mar01,,,,,,,,,,,
Mar01,,,,,,,,,,,
Mar02,,,,,,,,,,,
Mar02,,,,,,,,,,,
Mar02,,,,,,,,,,,
Mar02,,,,,,,,,,,
Mar03,,,,,,,,,,,
Mar03,,,,,,,,,,,
Mar03,,,,,,,,,,,
Mar03,,,,,,,,,,,
Mar04,,,,,,,,,,,
Mar04,,,,,,,,,,,
Mar04,,,,,,,,,,,
Mar04,,,,,,,,,,,
Mar05,,,,,,,,,,,
Mar05,,,,,,,,,,,
Mar05,,,,,,,,,,,
Mar05,,,,,,,,,,,
Mar06,,,,,,,,,,,
Mar06,,,,,,,,,,,
Mar06,,,,,,,,,,,
Mar06,,,,,,,,,,,
Mar07,,,,,,,,,,,
Mar07,,,,,,,,,,,
Mar07,,,,,,,,,,,
Mar07,,,,,,,,,,,
Mar08,,,,,,,,,,,
Mar08,,,,,,,,,,,
Mar08,,,,,,,,,,,
Mar08,,,,,,,,,,,
Mar09,,,,,,,,,,,
Mar09,,,,,,,,,,,
Mar09,,,,,,,,,,,
Mar09,,,,,,,,,,,
Mar10,,,,,,,,,,,
Mar10,,,,,,,,,,,
Mar10,,,,,,,,,,,
Mar10,,,,,,,,,,,
Mar11,,,,,,,,,,,
Mar11,,,,,,,,,,,
Mar11,,,,,,,,,,,
Mar11,,,,,,,,,,,
Mar12,,,,,,,,,,,
Mar12,,,,,,,,,,,
Mar12,,,,,,,,,,,
Mar12,,,,,,,,,,,
Mar13,,,,,,,,,,,
Mar13,,,,,,,,,,,
Mar13,,,,,,,,,,,
Mar13,,,,,,,,,,,
Mar14,,,,,,,,,,,
Mar14,,,,,,,,,,,
Mar14,,,,,,,,,,,
Mar14,,,,,,,,,,,
Mar15,,,,,,,,,,,
Mar15,,,,,,,,,,,
Mar15,,,,,,,,,,,
Mar15,,,,,,,,,,,
Mar16,,,,,,,,,,,
Mar16,,,,,,,,,,,
Mar16,,,,,,,,,,,
Mar16,,,,,,,,,,,
Mar17,,,,,,,,,,,
Mar17,,,,,,,,,,,
Mar17,,,,,,,,,,,
Mar17,,,,,,,,,,,
Mar18,,,,,,,,,,,
Mar18,,,,,,,,,,,
Mar18,,,,,,,,,,,
Mar18,,,,,,,,,,,
Mar19,,,,,,,,,,,
Mar19,,,,,,,,,,,
Mar19,,,,,,,,,,,
Mar19,,,,,,,,,,,
Mar20,,,,,,,,,,,
Mar20,,,,,,,,,,,
Mar20,,,,,,,,,,,
Mar20,,,,,,,,,,,
Mar21,,,,,,,,,,,
Mar21,,,,,,,,,,,
Mar21,,,,,,,,,,,
Mar21,,,,,,,,,,,
Mar22,,,,,,,,,,,
Mar22,,,,,,,,,,,
Mar22,,,,,,,,,,,
Mar22,,,,,,,,,,,
Mar23,,,,,,,,,,,
Mar23,,,,,,,,,,,
Mar23,,,,,,,,,,,
Mar23,,,,,,,,,,,
Mar24,,,,,,,,,,,
Mar24,,,,,,,,,,,
Mar24,,,,,,,,,,,
Mar24,,,,,,,,,,,
Mar25,,,,,,,,,,,
Mar25,,,,,,,,,,,
Mar25,,,,,,,,,,,
Mar25,,,,,,,,,,,
Mar26,,,,,,,,,,,
Mar26,,,,,,,,,,,
Mar26,,,,,,,,,,,
Mar26,,,,,,,,,,,
Mar27,,,,,,,,,,,
Mar27,,,,,,,,,,,
Mar27,,,,,,,,,,,
Mar27,,,,,,,,,,,
Mar28,,,,,,,,,,,
Mar28,,,,,,,,,,,
Mar28,,,,,,,,,,,
Mar28,,,,,,,,,,,
Mar29,,,,,,,,,,,
Mar29,,,,,,,,,,,
Mar29,,,,,,,,,,,
Mar29,,,,,,,,,,,
Mar30,,,,,,,,,,,
Mar30,,,,,,,,,,,
Mar30,,,,,,,,,,,
Mar30,,,,,,,,,,,
Mar31,,,,,,,,,,,
Mar31,,,,,,,,,,,
Mar31,,,,,,,,,,,
Mar31,,,,,,,,,,,
Apr01,,,,,,,,,,,
Apr01,,,,,,,,,,,
Apr01,,,,,,,,,,,
Apr01,,,,,,,,,,,
Apr02,,,,,,,,,,,
Apr02,,,,,,,,,,,
Apr02,,,,,,,,,,,
Apr02,,,,,,,,,,,
Apr03,,,,,,,,,,,
Apr03,,,,,,,,,,,
Apr03,,,,,,,,,,,
Apr03,,,,,,,,,,,
Apr04,,,,,,,,,,,
Apr04,,,,,,,,,,,
Apr04,,,,,,,,,,,
Apr04,,,,,,,,,,,
Apr05,,,,,,,,,,,
Apr05,,,,,,,,,,,
Apr05,,,,,,,,,,,
Apr05,,,,,,,,,,,
Apr06,,,,,,,,,,,
Apr06,,,,,,,,,,,
Apr06,,,,,,,,,,,
Apr06,,,,,,,,,,,
Apr07,,,,,,,,,,,
Apr07,,,,,,,,,,,
Apr07,,,,,,,,,,,
Apr07,,,,,,,,,,,
Apr08,,,,,,,,,,,
Apr08,,,,,,,,,,,
Apr08,,,,,,,,,,,
Apr08,,,,,,,,,,,
Apr09,,,,,,,,,,,
Apr09,,,,,,,,,,,
Apr09,,,,,,,,,,,
Apr09,,,,,,,,,,,
Apr10,,,,,,,,,,,
Apr10,,,,,,,,,,,
Apr10,,,,,,,,,,,
Apr10,,,,,,,,,,,
Apr11,,,,,,,,,,,
Apr11,,,,,,,,,,,
Apr11,,,,,,,,,,,
Apr11,,,,,,,,,,,
Apr12,,,,,,,,,,,
Apr12,,,,,,,,,,,
Apr12,,,,,,,,,,,
Apr12,,,,,,,,,,,
Apr13,,,,,,,,,,,
Apr13,,,,,,,,,,,
Apr13,,,,,,,,,,,
Apr13,,,,,,,,,,,
Apr14,,,,,,,,,,,
Apr14,,,,,,,,,,,
Apr14,,,,,,,,,,,
Apr14,,,,,,,,,,,
Apr15,,,,,,,,,,,
Apr15,,,,,,,,,,,
Apr15,,,,,,,,,,,
Apr15,,,,,,,,,,,
Apr16,,,,,,,,,,,
Apr16,,,,,,,,,,,
Apr16,,,,,,,,,,,
Apr16,,,,,,,,,,,
Apr17,,,,,,,,,,,
Apr17,,,,,,,,,,,
Apr17,,,,,,,,,,,
Apr17,,,,,,,,,,,
Apr18,,,,,,,,,,,
Apr18,,,,,,,,,,,
Apr18,,,,,,,,,,,
Apr18,,,,,,,,,,,
Apr19,,,,,,,,,,,
Apr19,,,,,,,,,,,
Apr19,,,,,,,,,,,
Apr19,,,,,,,,,,,
Apr20,,,,,,,,,,,
Apr20,,,,,,,,,,,
Apr20,,,,,,,,,,,
Apr20,,,,,,,,,,,
Apr21,,,,,,,,,,,
Apr21,,,,,,,,,,,
Apr21,,,,,,,,,,,
Apr21,,,,,,,,,,,
Apr22,,,,,,,,,,,
Apr22,,,,,,,,,,,
Apr22,,,,,,,,,,,
Apr22,,,,,,,,,,,
Apr23,,,,,,,,,,,
Apr23,,,,,,,,,,,
Apr23,,,,,,,,,,,
Apr23,,,,,,,,,,,
Apr24,,,,,,,,,,,
Apr24,,,,,,,,,,,
Apr24,,,,,,,,,,,
Apr24,,,,,,,,,,,
Apr25,,,,,,,,,,,
Apr25,,,,,,,,,,,
Apr25,,,,,,,,,,,
Apr25,,,,,,,,,,,
Apr26,,,,,,,,,,,
Apr26,,,,,,,,,,,
Apr26,,,,,,,,,,,
Apr26,,,,,,,,,,,
Apr27,,,,,,,,,,,
Apr27,,,,,,,,,,,
Apr27,,,,,,,,,,,
Apr27,,,,,,,,,,,
Apr28,,,,,,,,,,,
Apr28,,,,,,,,,,,
Apr28,,,,,,,,,,,
Apr28,,,,,,,,,,,
Apr29,,,,,,,,,,,
Apr29,,,,,,,,,,,
Apr29,,,,,,,,,,,
Apr29,,,,,,,,,,,
Apr30,,,,,,,,,,,
Apr30,,,,,,,,,,,
Apr30,,,,,,,,,,,
Apr30,,,,,,,,,,,
May01,,,,,,,,,,,
May01,,,,,,,,,,,
May01,,,,,,,,,,,
May01,,,,,,,,,,,
May02,,,,,,,,,,,
May02,,,,,,,,,,,
May02,,,,,,,,,,,
May02,,,,,,,,,,,
May03,,,,,,,,,,,
May03,,,,,,,,,,,
May03,,,,,,,,,,,
May03,,,,,,,,,,,
May04,,,,,,,,,,,
May04,,,,,,,,,,,
May04,,,,,,,,,,,
May04,,,,,,,,,,,
May05,,,,,,,,,,,
May05,,,,,,,,,,,
May05,,,,,,,,,,,
May05,,,,,,,,,,,
May06,,,,,,,,,,,
May06,,,,,,,,,,,
May06,,,,,,,,,,,
May06,,,,,,,,,,,
May07,,,,,,,,,,,
May07,,,,,,,,,,,
May07,,,,,,,,,,,
May07,,,,,,,,,,,
May08,,,,,,,,,,,
May08,,,,,,,,,,,
May08,,,,,,,,,,,
May08,,,,,,,,,,,
May09,,,,,,,,,,,
May09,,,,,,,,,,,
May09,,,,,,,,,,,
May09,,,,,,,,,,,
May10,,,,,,,,,,,
May10,,,,,,,,,,,
May10,,,,,,,,,,,
May10,,,,,,,,,,,
May11,,,,,,,,,,,
May11,,,,,,,,,,,
May11,,,,,,,,,,,
May11,,,,,,,,,,,
May12,,,,,,,,,,,
May12,,,,,,,,,,,
May12,,,,,,,,,,,
May12,,,,,,,,,,,
May13,,,,,,,,,,,
May13,,,,,,,,,,,
May13,,,,,,,,,,,
May13,,,,,,,,,,,
May14,,,,,,,,,,,
May14,,,,,,,,,,,
May14,,,,,,,,,,,
May14,,,,,,,,,,,
May15,,,,,,,,,,,
May15,,,,,,,,,,,
May15,,,,,,,,,,,
May15,,,,,,,,,,,
May16,,,,,,,,,,,
May16,,,,,,,,,,,
May16,,,,,,,,,,,
May16,,,,,,,,,,,
May17,,,,,,,,,,,
May17,,,,,,,,,,,
May17,,,,,,,,,,,
May17,,,,,,,,,,,
May18,,,,,,,,,,,
May18,,,,,,,,,,,
May18,,,,,,,,,,,
May18,,,,,,,,,,,
May19,,,,,,,,,,,
May19,,,,,,,,,,,
May19,,,,,,,,,,,
May19,,,,,,,,,,,
May20,,,,,,,,,,,
May20,,,,,,,,,,,
May20,,,,,,,,,,,
May20,,,,,,,,,,,
May21,,,,,,,,,,,
May21,,,,,,,,,,,
May21,,,,,,,,,,,
May21,,,,,,,,,,,
May22,,,,,,,,,,,
May22,,,,,,,,,,,
May22,,,,,,,,,,,
May22,,,,,,,,,,,
May23,,,,,,,,,,,
May23,,,,,,,,,,,
May23,,,,,,,,,,,
May23,,,,,,,,,,,
May24,,,,,,,,,,,
May24,,,,,,,,,,,
May24,,,,,,,,,,,
May24,,,,,,,,,,,
May25,,,,,,,,,,,
May25,,,,,,,,,,,
May25,,,,,,,,,,,
May25,,,,,,,,,,,
May26,,,,,,,,,,,
May26,,,,,,,,,,,
May26,,,,,,,,,,,
May26,,,,,,,,,,,
May27,,,,,,,,,,,
May27,,,,,,,,,,,
May27,,,,,,,,,,,
May27,,,,,,,,,,,
May28,,,,,,,,,,,
May28,,,,,,,,,,,
May28,,,,,,,,,,,
May28,,,,,,,,,,,
May29,,,,,,,,,,,
May29,,,,,,,,,,,
May29,,,,,,,,,,,
May29,,,,,,,,,,,
May30,,,,,,,,,,,
May30,,,,,,,,,,,
May30,,,,,,,,,,,
May30,,,,,,,,,,,
May31,,,,,,,,,,,
May31,,,,,,,,,,,
May31,,,,,,,,,,,
May31,,,,,,,,,,,
Jun01,,,,,,,,,,,
Jun01,,,,,,,,,,,
Jun01,,,,,,,,,,,
Jun01,,,,,,,,,,,
Jun02,,,,,,,,,,,
Jun02,,,,,,,,,,,
Jun02,,,,,,,,,,,
Jun02,,,,,,,,,,,
Jun03,,,,,,,,,,,
Jun03,,,,,,,,,,,
Jun03,,,,,,,,,,,
Jun03,,,,,,,,,,,
Jun04,,,,,,,,,,,
Jun04,,,,,,,,,,,
Jun04,,,,,,,,,,,
Jun04,,,,,,,,,,,
Jun05,,,,,,,,,,,
Jun05,,,,,,,,,,,
Jun05,,,,,,,,,,,
Jun05,,,,,,,,,,,
Jun06,,,,,,,,,,,
Jun06,,,,,,,,,,,
Jun06,,,,,,,,,,,
Jun06,,,,,,,,,,,
Jun07,,,,,,,,,,,
Jun07,,,,,,,,,,,
Jun07,,,,,,,,,,,
Jun07,,,,,,,,,,,
Jun08,,,,,,,,,,,
Jun08,,,,,,,,,,,
Jun08,,,,,,,,,,,
Jun08,,,,,,,,,,,
Jun09,,,,,,,,,,,
Jun09,,,,,,,,,,,
Jun09,,,,,,,,,,,
Jun09,,,,,,,,,,,
Jun10,,,,,,,,,,,
Jun10,,,,,,,,,,,
Jun10,,,,,,,,,,,
Jun10,,,,,,,,,,,
Jun11,,,,,,,,,,,
Jun11,,,,,,,,,,,
Jun11,,,,,,,,,,,
Jun11,,,,,,,,,,,
Jun12,,,,,,,,,,,
Jun12,,,,,,,,,,,
Jun12,,,,,,,,,,,
Jun12,,,,,,,,,,,
Jun13,,,,,,,,,,,
Jun13,,,,,,,,,,,
Jun13,,,,,,,,,,,
Jun13,,,,,,,,,,,
Jun14,,,,,,,,,,,
Jun14,,,,,,,,,,,
Jun14,,,,,,,,,,,
Jun14,,,,,,,,,,,
Jun15,,,,,,,,,,,
Jun15,,,,,,,,,,,
Jun15,,,,,,,,,,,
Jun15,,,,,,,,,,,
Jun16,,,,,,,,,,,
Jun16,,,,,,,,,,,
Jun16,,,,,,,,,,,
Jun16,,,,,,,,,,,
Jun17,,,,,,,,,,,
Jun17,,,,,,,,,,,
Jun17,,,,,,,,,,,
Jun17,,,,,,,,,,,
Jun18,,,,,,,,,,,
Jun18,,,,,,,,,,,
Jun18,,,,,,,,,,,
Jun18,,,,,,,,,,,
Jun19,,,,,,,,,,,
Jun19,,,,,,,,,,,
Jun19,,,,,,,,,,,
Jun19,,,,,,,,,,,
Jun20,,,,,,,,,,,
Jun20,,,,,,,,,,,
Jun20,,,,,,,,,,,
Jun20,,,,,,,,,,,
Jun21,,,,,,,,,,,
Jun21,,,,,,,,,,,
Jun21,,,,,,,,,,,
Jun21,,,,,,,,,,,
Jun22,,,,,,,,,,,
Jun22,,,,,,,,,,,
Jun22,,,,,,,,,,,
Jun22,,,,,,,,,,,
Jun23,,,,,,,,,,,
Jun23,,,,,,,,,,,
Jun23,,,,,,,,,,,
Jun23,,,,,,,,,,,
Jun24,,,,,,,,,,,
Jun24,,,,,,,,,,,
Jun24,,,,,,,,,,,
Jun24,,,,,,,,,,,
Jun25,,,,,,,,,,,
Jun25,,,,,,,,,,,
Jun25,,,,,,,,,,,
Jun25,,,,,,,,,,,
Jun26,,,,,,,,,,,
Jun26,,,,,,,,,,,
Jun26,,,,,,,,,,,
Jun26,,,,,,,,,,,
Jun27,,,,,,,,,,,
Jun27,,,,,,,,,,,
Jun27,,,,,,,,,,,
Jun27,,,,,,,,,,,
Jun28,,,,,,,,,,,
Jun28,,,,,,,,,,,
Jun28,,,,,,,,,,,
Jun28,,,,,,,,,,,
Jun29,,,,,,,,,,,
Jun29,,,,,,,,,,,
Jun29,,,,,,,,,,,
Jun29,,,,,,,,,,,
Jun30,,,,,,,,,,,
Jun30,,,,,,,,,,,
Jun30,,,,,,,,,,,
Jun30,,,,,,,,,,,
Jul01,,,,,,,,,,,
Jul01,,,,,,,,,,,
Jul01,,,,,,,,,,,
Jul01,,,,,,,,,,,
Jul02,,,,,,,,,,,
Jul02,,,,,,,,,,,
Jul02,,,,,,,,,,,
Jul02,,,,,,,,,,,
Jul03,,,,,,,,,,,
Jul03,,,,,,,,,,,
Jul03,,,,,,,,,,,
Jul03,,,,,,,,,,,
Jul04,,,,,,,,,,,
Jul04,,,,,,,,,,,
Jul04,,,,,,,,,,,
Jul04,,,,,,,,,,,
Jul05,,,,,,,,,,,
Jul05,,,,,,,,,,,
Jul05,,,,,,,,,,,
Jul05,,,,,,,,,,,
Jul06,,,,,,,,,,,
Jul06,,,,,,,,,,,
Jul06,,,,,,,,,,,
Jul06,,,,,,,,,,,
Jul07,,,,,,,,,,,
Jul07,,,,,,,,,,,
Jul07,,,,,,,,,,,
Jul07,,,,,,,,,,,
Jul08,,,,,,,,,,,
Jul08,,,,,,,,,,,
Jul08,,,,,,,,,,,
Jul08,,,,,,,,,,,
Jul09,,,,,,,,,,,
Jul09,,,,,,,,,,,
Jul09,,,,,,,,,,,
Jul09,,,,,,,,,,,
Jul10,,,,,,,,,,,
Jul10,,,,,,,,,,,
Jul10,,,,,,,,,,,
Jul10,,,,,,,,,,,
Jul11,,,,,,,,,,,
Jul11,,,,,,,,,,,
Jul11,,,,,,,,,,,
Jul11,,,,,,,,,,,
Jul12,,,,,,,,,,,
Jul12,,,,,,,,,,,
Jul12,,,,,,,,,,,
Jul12,,,,,,,,,,,
Jul13,,,,,,,,,,,
Jul13,,,,,,,,,,,
Jul13,,,,,,,,,,,
Jul13,,,,,,,,,,,
Jul14,,,,,,,,,,,
Jul14,,,,,,,,,,,
Jul14,,,,,,,,,,,
Jul14,,,,,,,,,,,
Jul15,,,,,,,,,,,
Jul15,,,,,,,,,,,
Jul15,,,,,,,,,,,
Jul15,,,,,,,,,,,
Jul16,,,,,,,,,,,
Jul16,,,,,,,,,,,
Jul16,,,,,,,,,,,
Jul16,,,,,,,,,,,
Jul17,,,,,,,,,,,
Jul17,,,,,,,,,,,
Jul17,,,,,,,,,,,
Jul17,,,,,,,,,,,
Jul18,,,,,,,,,,,
Jul18,,,,,,,,,,,
Jul18,,,,,,,,,,,
Jul18,,,,,,,,,,,
Jul19,,,,,,,,,,,
Jul19,,,,,,,,,,,
Jul19,,,,,,,,,,,
Jul19,,,,,,,,,,,
Jul20,,,,,,,,,,,
Jul20,,,,,,,,,,,
Jul20,,,,,,,,,,,
Jul20,,,,,,,,,,,
Jul21,,,,,,,,,,,
Jul21,,,,,,,,,,,
Jul21,,,,,,,,,,,
Jul21,,,,,,,,,,,
Jul22,,,,,,,,,,,
Jul22,,,,,,,,,,,
Jul22,,,,,,,,,,,
Jul22,,,,,,,,,,,
Jul23,,,,,,,,,,,
Jul23,,,,,,,,,,,
Jul23,,,,,,,,,,,
Jul23,,,,,,,,,,,
Jul24,,,,,,,,,,,
Jul24,,,,,,,,,,,
Jul24,,,,,,,,,,,
Jul24,,,,,,,,,,,
Jul25,,,,,,,,,,,
Jul25,,,,,,,,,,,
Jul25,,,,,,,,,,,
Jul25,,,,,,,,,,,
Jul26,,,,,,,,,,,
Jul26,,,,,,,,,,,
Jul26,,,,,,,,,,,
Jul26,,,,,,,,,,,
Jul27,,,,,,,,,,,
Jul27,,,,,,,,,,,
Jul27,,,,,,,,,,,
Jul27,,,,,,,,,,,
Jul28,,,,,,,,,,,
Jul28,,,,,,,,,,,
Jul28,,,,,,,,,,,
Jul28,,,,,,,,,,,
Jul29,,,,,,,,,,,
Jul29,,,,,,,,,,,
Jul29,,,,,,,,,,,
Jul29,,,,,,,,,,,
Jul30,,,,,,,,,,,
Jul30,,,,,,,,,,,
Jul30,,,,,,,,,,,
Jul30,,,,,,,,,,,
Jul31,,,,,,,,,,,
Jul31,,,,,,,,,,,
Jul31,,,,,,,,,,,
Jul31,,,,,,,,,,,
Aug01,,,,,,,,,,,
Aug01,,,,,,,,,,,
Aug01,,,,,,,,,,,
Aug01,,,,,,,,,,,
Aug02,,,,,,,,,,,
Aug02,,,,,,,,,,,
Aug02,,,,,,,,,,,
Aug02,,,,,,,,,,,
Aug03,,,,,,,,,,,
Aug03,,,,,,,,,,,
Aug03,,,,,,,,,,,
Aug03,,,,,,,,,,,
Aug04,,,,,,,,,,,
Aug04,,,,,,,,,,,
Aug04,,,,,,,,,,,
Aug04,,,,,,,,,,,
Aug05,,,,,,,,,,,
Aug05,,,,,,,,,,,
Aug05,,,,,,,,,,,
Aug05,,,,,,,,,,,
Aug06,,,,,,,,,,,
Aug06,,,,,,,,,,,
Aug06,,,,,,,,,,,
Aug06,,,,,,,,,,,
Aug07,,,,,,,,,,,
Aug07,,,,,,,,,,,
Aug07,,,,,,,,,,,
Aug07,,,,,,,,,,,
Aug08,,,,,,,,,,,
Aug08,,,,,,,,,,,
Aug08,,,,,,,,,,,
Aug08,,,,,,,,,,,
Aug09,,,,,,,,,,,
Aug09,,,,,,,,,,,
Aug09,,,,,,,,,,,
Aug09,,,,,,,,,,,
Aug10,,,,,,,,,,,
Aug10,,,,,,,,,,,
Aug10,,,,,,,,,,,
Aug10,,,,,,,,,,,
Aug11,,,,,,,,,,,
Aug11,,,,,,,,,,,
Aug11,,,,,,,,,,,
Aug11,,,,,,,,,,,
Aug12,,,,,,,,,,,
Aug12,,,,,,,,,,,
Aug12,,,,,,,,,,,
Aug12,,,,,,,,,,,
Aug13,,,,,,,,,,,
Aug13,,,,,,,,,,,
Aug13,,,,,,,,,,,
Aug13,,,,,,,,,,,
Aug14,,,,,,,,,,,
Aug14,,,,,,,,,,,
Aug14,,,,,,,,,,,
Aug14,,,,,,,,,,,
Aug15,,,,,,,,,,,
Aug15,,,,,,,,,,,
Aug15,,,,,,,,,,,
Aug15,,,,,,,,,,,
Aug16,,,,,,,,,,,
Aug16,,,,,,,,,,,
Aug16,,,,,,,,,,,
Aug16,,,,,,,,,,,
Aug17,,,,,,,,,,,
Aug17,,,,,,,,,,,
Aug17,,,,,,,,,,,
Aug17,,,,,,,,,,,
Aug18,,,,,,,,,,,
Aug18,,,,,,,,,,,
Aug18,,,,,,,,,,,
Aug18,,,,,,,,,,,
Aug19,,,,,,,,,,,
Aug19,,,,,,,,,,,
Aug19,,,,,,,,,,,
Aug19,,,,,,,,,,,
Aug20,,,,,,,,,,,
Aug20,,,,,,,,,,,
Aug20,,,,,,,,,,,
Aug20,,,,,,,,,,,
Aug21,,,,,,,,,,,
Aug21,,,,,,,,,,,
Aug21,,,,,,,,,,,
Aug21,,,,,,,,,,,
Aug22,,,,,,,,,,,
Aug22,,,,,,,,,,,
Aug22,,,,,,,,,,,
Aug22,,,,,,,,,,,
Aug23,,,,,,,,,,,
Aug23,,,,,,,,,,,
Aug23,,,,,,,,,,,
Aug23,,,,,,,,,,,
Aug24,,,,,,,,,,,
Aug24,,,,,,,,,,,
Aug24,,,,,,,,,,,
Aug24,,,,,,,,,,,
Aug25,,,,,,,,,,,
Aug25,,,,,,,,,,,
Aug25,,,,,,,,,,,
Aug25,,,,,,,,,,,
Aug26,,,,,,,,,,,
Aug26,,,,,,,,,,,
Aug26,,,,,,,,,,,
Aug26,,,,,,,,,,,
Aug27,Brainstem syndromes,internuclear ophthalmoplegia,one-and-a-half syndrome,Parinaud syndrome,Horner syndrome,green,https://radiopaedia.org/articles/internuclear-ophthalmoplegia?lang=us&utm_source=chatgpt.com,https://radiopaedia.org/articles/one-and-a-half-syndrome?lang=us&utm_source=chatgpt.com,https://radiopaedia.org/articles/parinaud-syndrome?lang=us,https://radiopaedia.org/articles/horner-syndrome?lang=us&utm_source=chatgpt.com,
Aug27,Demyelinating spectrum,multiple sclerosis,NMOSD,MOG antibody disease,ADEM,blue,https://radiopaedia.org/articles/multiple-sclerosis?lang=us,https://radiopaedia.org/articles/neuromyelitis-optica-spectrum-disorder?lang=us,https://radiopaedia.org/articles/myelin-oligodendrocyte-glycoprotein-antibody-associated-disease-mogad?lang=us,https://radiopaedia.org/articles/acute-disseminated-encephalomyelitis-adem-1?lang=us,
Aug27,Headache entities,cluster headache,paroxysmal hemicrania,SUNCT,SUNA,purple,https://www.hopkinsmedicine.org/health/conditions-and-diseases/headache/cluster-headaches,https://americanmigrainefoundation.org/resource-library/parosyxmal-hemicrania/,https://radiopaedia.org/articles/short-lasting-unilateral-neuralgiform-headache-attacks?lang=us,https://radiopaedia.org/articles/short-lasting-unilateral-neuralgiform-headache-attacks?lang=us,
Aug27,Imaging signs,hyperdense MCA sign,insular ribbon sign,empty delta sign,hot cross bun sign,yellow,https://radiopaedia.org/articles/hyperdense-mca-sign-brain-1?lang=us,https://radiopaedia.org/articles/insular-ribbon-sign?lang=us,https://radiopaedia.org/articles/empty-delta-sign?lang=us,https://radiopaedia.org/articles/hot-cross-bun-sign?lang=us,
Aug28,Cerebral venous thrombosis,Superior sagittal sinus thrombosis,Transverse sinus thrombosis,Cortical vein thrombosis,Deep cerebral venous thrombosis,blue,https://radiopaedia.org/articles/superior-sagittal-sinus-thrombosis,https://radiopaedia.org/articles/dural-venous-sinus-thrombosis?lang=us,https://radiopaedia.org/articles/cortical-vein-thrombosis,https://radiopaedia.org/articles/dural-venous-sinus-thrombosis?lang=us,"micah etter, md"
Aug28,Neuro-ophthalmology pupils,Adie tonic pupil,Argyll Robertson pupil,Tonic light-near dissociation (Parinaud),Relative afferent pupillary defect (RAPD),yellow,https://radiopaedia.org/articles/adie-pupil,https://radiopaedia.org/articles/argyll-robertson-pupil,https://radiopaedia.org/articles/dorsal-midbrain-syndrome,https://radiopaedia.org/articles/marcus-gunn-pupil,
Aug28,Spinal vascular malformations,Spinal dural arteriovenous fistula (dAVF),Spinal arteriovenous malformation (AVM),Perimedullary arteriovenous fistula,Foix-Alajouanine syndrome,yellow,https://radiopaedia.org/articles/spinal-dural-arteriovenous-fistula,https://radiopaedia.org/articles/spinal-arteriovenous-malformations?lang=us,https://pmc.ncbi.nlm.nih.gov/articles/PMC4178764/,https://radiopaedia.org/articles/foix-alajouanine-syndrome,
Aug28,Toxic leukoencephalopathies,Metronidazole-induced encephalopathy,Heroin vapor inhalation leukoencephalopathy,Delayed post-hypoxic leukoencephalopathy,Marchiafava-Bignami disease,blue,https://radiopaedia.org/articles/metronidazole-central-nervous-system-toxicity-1?utm_source=chatgpt.com,https://radiopaedia.org/articles/heroin-induced-leukoencephalopathy?lang=us,https://radiopaedia.org/articles/delayed-posthypoxic-leukoencephalopathy?lang=us,https://radiopaedia.org/articles/marchiafava-bignami-disease,
Aug29,Cognitive disorders,Alzheimer disease,Lewy body dementia,frontotemporal dementia,vascular dementia,purple,https://www.ncbi.nlm.nih.gov/books/NBK499922/,https://www.ncbi.nlm.nih.gov/books/NBK482441/,https://radiopaedia.org/articles/frontotemporal-lobar-degeneration-1?lang=us,https://radiopaedia.org/articles/vascular-dementia?lang=us,
Aug29,Neuromuscular junction disorders,myasthenia gravis,Lambert-Eaton syndrome,botulism,congenital myasthenic syndrome,blue,https://www.ncbi.nlm.nih.gov/books/NBK559331/,https://radiopaedia.org/articles/lambert-eaton-myasthenic-syndrome?lang=us,https://radiopaedia.org/articles/botulism?lang=us,https://www.ncbi.nlm.nih.gov/books/NBK1168/,
Aug29,Peripheral nerve lesions,carpal tunnel,cubital tunnel ,radial neuropathy,meralgia paresthetica,green,https://www.ncbi.nlm.nih.gov/books/NBK448179/,https://www.ncbi.nlm.nih.gov/books/NBK538259/,https://www.ncbi.nlm.nih.gov/books/NBK431097/,https://www.hopkinsmedicine.org/health/conditions-and-diseases/meralgia-paresthetica,
Aug29,Primary brain tumors,glioblastoma,meningioma,vestibular schwannoma,hemangioblastoma,yellow,https://radiopaedia.org/articles/glioblastoma-idh-wildtype?lang=us,https://radiopaedia.org/articles/meningioma?lang=us,https://radiopaedia.org/articles/vestibular-schwannoma?lang=us,https://radiopaedia.org/articles/haemangioblastoma-central-nervous-system-2?lang=us,
Aug30,Acute stroke imaging,non-contrast CT,CT angiography,CT perfusion,MRI DWI,yellow,https://radiopaedia.org/articles/ct-head-protocol?lang=us,https://radiopaedia.org/articles/ct-angiography-of-the-cerebral-arteries-protocol?lang=us,https://radiopaedia.org/articles/ct-perfusion-in-ischaemic-stroke?lang=us,https://radiopaedia.org/articles/diffusion-weighted-imaging-in-acute-ischaemic-stroke?lang=us,
Aug30,Antimigraine triptans,sumatriptan,rizatriptan,zolmitriptan,eletriptan,purple,https://www.ncbi.nlm.nih.gov/books/NBK470206/,https://www.ncbi.nlm.nih.gov/books/NBK560787/,https://www.ncbi.nlm.nih.gov/books/NBK557649/,https://www.ncbi.nlm.nih.gov/books/NBK560787/,
Aug30,MS disease-modifying therapies,ocrelizumab,natalizumab,fingolimod,teriflunomide,blue,https://www.ncbi.nlm.nih.gov/books/NBK547750/,https://www.ncbi.nlm.nih.gov/books/NBK548623/,https://www.ncbi.nlm.nih.gov/books/NBK548384/,https://www.ncbi.nlm.nih.gov/books/NBK253630/,
Aug30,Visual pathway anatomy,optic nerve,optic chiasm,optic tract,optic radiations,green,https://radiopaedia.org/articles/optic-nerve?lang=us,https://radiopaedia.org/articles/optic-chiasm?lang=us,https://radiopaedia.org/articles/optic-tract?lang=us,https://radiopaedia.org/articles/optic-radiation-1?lang=us,
Aug31,CNS infections,HSV encephalitis,toxoplasma abscess,cryptococcal meningitis,neurosyphilis,yellow,https://radiopaedia.org/articles/herpes-simplex-encephalitis?lang=us,https://radiopaedia.org/articles/cerebral-toxoplasmosis?lang=us,https://radiopaedia.org/articles/cns-cryptococcosis-2?lang=us,https://radiopaedia.org/articles/neurosyphilis?lang=us,
Aug31,Encephalopathies,Wernicke ,hepatic,uremic,hypoglycemic,green,https://www.ncbi.nlm.nih.gov/books/NBK470344/,https://www.ncbi.nlm.nih.gov/books/NBK430869/,https://www.ncbi.nlm.nih.gov/books/NBK564327/,https://radiopaedia.org/articles/hypoglycaemic-encephalopathy?lang=us,
Aug31,Ischemic stroke patterns,lacunar,watershed ,thalamic,MCA,purple,https://radiopaedia.org/articles/lacunar-infarct?lang=us,https://radiopaedia.org/articles/watershed-infarct?lang=us,https://radiopaedia.org/articles/thalamic-infarct?lang=us,https://radiopaedia.org/articles/middle-cerebral-artery-territory-infarcts?lang=us,
Aug31,Peripheral nerve lesions,peroneal neuropathy,radial neuropathy,carpal tunnel syndrome,cubital tunnel syndrome,blue,https://www.ncbi.nlm.nih.gov/books/NBK549859/,https://www.ncbi.nlm.nih.gov/books/NBK431097/,https://www.ncbi.nlm.nih.gov/books/NBK448179/,https://www.ncbi.nlm.nih.gov/books/NBK538259/,
Sep01,Movement disorder differentials,Essential tremor,Wilson disease,Dopa-responsive dystonia,Drug-induced parkinsonism,purple,https://www.ninds.nih.gov/health-information/disorders/essential-tremor,https://radiopaedia.org/articles/wilson-disease,https://radiopaedia.org/articles/wilson-disease-2,https://pmc.ncbi.nlm.nih.gov/articles/PMC3325428/,
Sep01,Neuromuscular channelopathies,Hyperkalemic periodic paralysis,Hypokalemic periodic paralysis,Paramyotonia congenita,Andersen-Tawil syndrome,blue,https://medlineplus.gov/genetics/condition/hyperkalemic-periodic-paralysis/,https://medlineplus.gov/genetics/condition/hypokalemic-periodic-paralysis/,https://medlineplus.gov/genetics/condition/paramyotonia-congenita/,https://medlineplus.gov/genetics/condition/andersen-tawil-syndrome/,
Sep01,Peripheral nerve tumor syndromes,Schwannomatosis,Neurofibromatosis type 2,Malignant peripheral nerve sheath tumor (MPNST),Plexiform neurofibroma,green,https://radiopaedia.org/articles/schwannomatosis,https://radiopaedia.org/articles/neurofibromatosis-type-2-3?lang=us,https://radiopaedia.org/articles/malignant-peripheral-nerve-sheath-tumour,https://radiopaedia.org/articles/plexiform-neurofibroma,
Sep01,Spinal infections,Spinal epidural abscess,Vertebral osteomyelitis,Discitis,Pott disease,yellow,https://radiopaedia.org/articles/spinal-epidural-abscess,https://radiopaedia.org/articles/spondylodiscitis,https://radiopaedia.org/articles/spondylodiscitis?lang=us,https://radiopaedia.org/articles/tuberculous-spondylitis-2?lang=us,
Sep02,Cerebral aneurysm locations,Anterior communicating artery aneurysm,Posterior communicating artery aneurysm,MCA bifurcation aneurysm,Basilar tip aneurysm,yellow,https://radiopaedia.org/articles/saccular-cerebral-aneurysm,https://radiopaedia.org/articles/saccular-cerebral-aneurysm,https://radiopaedia.org/articles/saccular-cerebral-aneurysm,https://radiopaedia.org/articles/saccular-cerebral-aneurysm,
Sep02,Upper limb entrapment neuropathies,Pronator syndrome ,Anterior interosseous nerve syndrome,Radial tunnel syndrome,Ulnar tunnel syndrome,blue,https://radiopaedia.org/articles/pronator-syndrome,https://radiopaedia.org/articles/anterior-interosseous-nerve-syndrome,https://radiopaedia.org/articles/radial-tunnel-syndrome,https://radiopaedia.org/articles/ulnar-tunnel-syndrome,
Sep02,Viral encephalitis,Herpes simplex encephalitis,West Nile encephalitis,Japanese encephalitis,Rabies encephalitis,yellow,https://radiopaedia.org/articles/herpes-simplex-encephalitis,https://radiopaedia.org/articles/west-nile-encephalitis,https://radiopaedia.org/articles/japanese-encephalitis,https://radiopaedia.org/articles/rabies-encephalitis,
Sep02,White matter vascular malformations,Developmental venous anomaly,Cerebral cavernous malformation,Brain arteriovenous malformation,Cerebral capillary telangiectasia,blue,https://radiopaedia.org/articles/developmental-venous-anomaly,https://radiopaedia.org/articles/cerebral-cavernous-malformation,https://radiopaedia.org/articles/arteriovenous-malformation-brain,https://radiopaedia.org/articles/capillary-telangiectasia-brain,
Sep03,Cerebrovascular malformations,cerebral arteriovenous malformation,dural arteriovenous fistula,cerebral cavernous malformation,developmental venous anomaly,blue,https://radiopaedia.org/articles/brain-arteriovenous-malformation?lang=us,https://radiopaedia.org/articles/dural-arteriovenous-fistula?lang=us,https://radiopaedia.org/articles/cerebral-cavernous-venous-malformation?lang=us,https://radiopaedia.org/articles/developmental-venous-anomaly?lang=us,
Sep03,Spinal cord syndromes,anterior cord syndrome,posterior cord syndrome,central cord syndrome,Brown-Sequard syndrome,green,https://radiopaedia.org/articles/ventral-cord-syndrome?lang=us,https://radiopaedia.org/articles/dorsal-cord-syndrome?lang=us,https://radiopaedia.org/articles/central-cord-syndrome?lang=us,https://radiopaedia.org/articles/brown-sequard-syndrome-1?lang=us,
Sep03,Neurocutaneous syndromes,Neurofibromatosis type 1,Tuberous sclerosis complex,Sturge-Weber syndrome,Von Hippel-Lindau disease,yellow,https://radiopaedia.org/articles/neurofibromatosis-type-1?lang=us,https://radiopaedia.org/articles/tuberous-sclerosis?lang=us,https://radiopaedia.org/articles/sturge-weber-syndrome-1?lang=us,https://radiopaedia.org/articles/von-hippel-lindau-disease-5?lang=us,
Sep03,Mitochondrial disorders,MELAS,MERRF,Leigh syndrome,Kearns-Sayre syndrome,purple,https://radiopaedia.org/articles/mitochondrial-encephalomyopathy-with-lactic-acidosis-and-stroke-like-episodes-melas?lang=us,https://radiopaedia.org/articles/myoclonic-epilepsy-with-red-ragged-fibres-merrf-1?lang=us,https://radiopaedia.org/articles/leigh-syndrome-3?lang=us,https://radiopaedia.org/articles/kearns-sayre-syndrome?lang=us,
Sep04,Brachial plexus disorders,Erb palsy,Klumpke palsy,Parsonage-Turner syndrome,Thoracic outlet syndrome,blue,https://radiopaedia.org/articles/erb-palsy?lang=us,https://radiopaedia.org/articles/klumpke-palsy?lang=us,https://radiopaedia.org/articles/parsonage-turner-syndrome-2?lang=us,https://radiopaedia.org/articles/thoracic-outlet-syndrome?lang=us,
Sep04,Cerebral herniation syndromes,Subfalcine herniation,Uncal herniation,Central (downward) herniation,Tonsillar herniation,green,https://radiopaedia.org/articles/subfalcine-herniation?lang=us,https://radiopaedia.org/articles/uncal-herniation-1?lang=us,https://radiopaedia.org/articles/central-herniation?lang=us,https://radiopaedia.org/articles/tonsillar-herniation?lang=us,
Sep04,Parkinson-plus syndromes,Progressive supranuclear palsy (PSP),Multiple system atrophy (MSA),Corticobasal degeneration (CBD),Dementia with Lewy bodies (DLB),yellow,https://radiopaedia.org/articles/progressive-supranuclear-palsy-1?lang=us,https://radiopaedia.org/articles/multiple-system-atrophy?lang=us,https://radiopaedia.org/articles/corticobasal-degeneration?lang=us,https://radiopaedia.org/articles/dementia-with-lewy-bodies?lang=us,
Sep04,Pediatric brain tumors,Medulloblastoma,Pilocytic astrocytoma,Ependymoma,Adamantinomatous craniopharyngioma,purple,https://radiopaedia.org/articles/medulloblastoma?lang=us,https://radiopaedia.org/articles/pilocytic-astrocytoma?lang=us,https://radiopaedia.org/articles/ependymoma?lang=us,https://radiopaedia.org/articles/adamantinomatous-craniopharyngioma?lang=us,
Sep05,Epileptic encephalopathies,Infantile epileptic spasms (West syndrome),Lennox-Gastaut syndrome (LGS),Dravet syndrome,Ohtahara syndrome,blue,https://www.ncbi.nlm.nih.gov/books/NBK537251/,https://radiopaedia.org/articles/lennox-gastaut-syndrome-1?lang=us,https://radiopaedia.org/articles/dravet-syndrome-1,https://www.ncbi.nlm.nih.gov/books/NBK98196/,
Sep05,Leukodystrophies,Metachromatic leukodystrophy,X-linked adrenoleukodystrophy (X-ALD),Alexander disease,Canavan disease,yellow,https://radiopaedia.org/articles/metachromatic-leukodystrophy?lang=us,https://radiopaedia.org/articles/x-linked-adrenoleukodystrophy-1?lang=us,https://radiopaedia.org/articles/alexander-disease?lang=us,https://radiopaedia.org/articles/canavan-disease?lang=us,
Sep05,Posterior circulation stroke syndromes,PICA territory infarct,AICA territory infarct,SCA territory infarct,Lateral medullary (Wallenberg) syndrome,green,https://radiopaedia.org/articles/posterior-inferior-cerebellar-artery-pica-infarct?lang=us,https://radiopaedia.org/articles/anterior-inferior-cerebellar-artery-aica-infarct-1?lang=us,https://radiopaedia.org/articles/superior-cerebellar-artery-infarct?lang=us,https://radiopaedia.org/articles/lateral-medullary-syndrome?lang=us,
Sep05,Autoimmune neuropathies,Guillain-Barre syndrome (GBS),Chronic inflammatory demyelinating polyneuropathy (CIDP),Miller Fisher syndrome,Multifocal motor neuropathy (MMN),purple,https://radiopaedia.org/articles/guillain-barre-syndrome-2?lang=us,https://radiopaedia.org/articles/chronic-inflammatory-demyelinating-polyneuropathy?lang=us,https://radiopaedia.org/articles/miller-fisher-syndrome?lang=us,https://radiopaedia.org/articles/multifocal-motor-neuropathy?lang=us,
Sep06,Ocular motor cranial nerve palsies,Third nerve palsy,Trochlear nerve palsy,Abducens nerve palsy,Duane retraction syndrome,blue,https://radiopaedia.org/articles/oculomotor-nerve-palsy,https://radiopaedia.org/articles/trochlear-nerve-palsy-1?lang=us,https://radiopaedia.org/articles/abducens-nerve-palsy-1,https://radiopaedia.org/articles/duane-syndrome,
Sep06,Inflammatory myopathies,Dermatomyositis,Polymyositis,Inclusion body myositis,Immune-mediated necrotizing myopathy,green,https://radiopaedia.org/articles/dermatomyositis?lang=us,https://radiopaedia.org/articles/polymyositis?lang=us,https://radiopaedia.org/articles/inclusion-body-myositis?lang=us,https://radiopaedia.org/articles/immune-mediated-necrotising-myopathy-2?lang=us,
Sep06,Deficiency and toxic myelopathies,Subacute combined degeneration,Copper deficiency myelopathy,Nitrous oxide myelopathy,HTLV-1 associated myelopathy,yellow,https://radiopaedia.org/articles/subacute-combined-degeneration-of-the-cord-1?lang=us,https://radiopaedia.org/articles/copper-deficiency-myeloneuropathy?lang=us,https://radiopaedia.org/articles/nitrous-oxide-toxicity?lang=us,https://radiopaedia.org/articles/htlv-1-associated-myelopathy?lang=us,
Sep06,Hereditary ataxias,Friedreich ataxia,Spinocerebellar ataxia type 1,Spinocerebellar ataxia type 2,Machado-Joseph disease,purple,https://radiopaedia.org/articles/friedreich-ataxia?lang=us,https://www.ncbi.nlm.nih.gov/books/NBK1184/,https://www.ncbi.nlm.nih.gov/books/NBK1275/,https://www.ncbi.nlm.nih.gov/books/NBK1196/,
Sep07,Peripheral vertigo syndromes,Benign paroxysmal positional vertigo (BPPV),Vestibular neuritis,Meniere disease,Superior semicircular canal dehiscence (SSCD),blue,https://radiopaedia.org/articles/benign-paroxysmal-positional-vertigo?lang=us,https://radiopaedia.org/articles/vestibular-neuritis?lang=us,https://radiopaedia.org/articles/meniere-disease,https://radiopaedia.org/articles/superior-semicircular-canal-dehiscence-syndrome?lang=us,
Sep07,Degenerative spine disorders,Cervical spondylotic myelopathy,Lumbar spinal stenosis,Ossification of the posterior longitudinal ligament (OPLL),Degenerative spondylolisthesis,green,https://radiopaedia.org/articles/compressive-myelopathy?lang=us,https://radiopaedia.org/articles/lumbar-canal-stenosis-1?lang=us,https://radiopaedia.org/articles/ossification-of-the-posterior-longitudinal-ligament,https://radiopaedia.org/articles/spondylolisthesis-1?lang=us,
Sep07,Skull base tumors,Chordoma,Skull base chondrosarcoma,Jugulotympanic paraganglioma (glomus jugulare),Petroclival meningioma,yellow,https://radiopaedia.org/articles/chordoma?lang=us,https://radiopaedia.org/articles/chondrosarcoma-of-the-skull-base?lang=us,https://radiopaedia.org/articles/jugulotympanic-paraganglioma-1?lang=us,https://radiopaedia.org/cases/petroclival-meningioma-9?lang=us,
Sep07,Cavernous/orbital apex syndromes,Tolosa-Hunt ,Gradenigo syndrome,Orbital apex syndrome,Cavernous sinus syndrome,purple,https://radiopaedia.org/articles/tolosa-hunt-syndrome-3,https://radiopaedia.org/articles/gradenigo-syndrome,https://radiopaedia.org/articles/orbital-apex-syndrome-1,https://radiopaedia.org/articles/cavernous-sinus-syndrome,
Sep08,Cervical spine trauma patterns,Hangman fracture,Flexion teardrop fracture,Jefferson fracture,Odontoid fracture,blue,https://radiopaedia.org/articles/1427,https://radiopaedia.org/articles/flexion-teardrop-fracture-1,https://radiopaedia.org/articles/jefferson-fracture,https://radiopaedia.org/articles/odontoid-fracture,
Sep08,Spinal dysraphism,Myelomeningocele,Tethered cord syndrome,Diastematomyelia,Lipomyelomeningocele,green,https://radiopaedia.org/articles/myelomeningocele-1,https://radiopaedia.org/articles/tethered-cord-syndrome-2,https://radiopaedia.org/articles/diastematomyelia,https://radiopaedia.org/articles/lipomyelomeningocele-1,
Sep08,Intracranial cystic lesions,Arachnoid cyst,Colloid cyst (third ventricle),Porencephaly,Pineal cyst,yellow,https://radiopaedia.org/articles/arachnoid-cyst,https://radiopaedia.org/articles/colloid-cyst-of-the-third-ventricle,https://radiopaedia.org/articles/porencephaly,https://radiopaedia.org/articles/pineal-cyst,
Sep08,Lower limb entrapment neuropathies,Tarsal tunnel syndrome,Common peroneal neuropathy (fibular head),Soleal sling syndrome (tibial nerve),Deep peroneal nerve entrapment,purple,https://radiopaedia.org/articles/tarsal-tunnel-syndrome,https://radiopaedia.org/articles/common-peroneal-neuropathy,https://radiopaedia.org/articles/soleal-sling-syndrome,https://radiopaedia.org/articles/deep-peroneal-nerve-entrapment,
Sep09,Sellar and parasellar lesions,Pituitary macroadenoma,Rathke cleft cyst,Hypophysitis,Pituitary apoplexy,blue,https://radiopaedia.org/articles/pituitary-macroadenoma-1,https://radiopaedia.org/articles/rathke-cleft-cyst-2,https://radiopaedia.org/articles/lymphocytic-hypophysitis,https://radiopaedia.org/articles/pituitary-apoplexy,
Sep09,Thoracolumbar spine trauma patterns,Chance fracture,Burst fracture,Vertebral compression fracture,Thoracic fracture-dislocation,green,https://radiopaedia.org/articles/chance-fracture,https://radiopaedia.org/articles/burst-fracture,https://radiopaedia.org/articles/spinal-compression-fracture,https://radiopaedia.org/articles/thoracic-spine-fracture-dislocation,
Sep09,Lacunar stroke syndromes,Pure motor hemiparesis,Pure sensory stroke,Ataxic hemiparesis,Dysarthria-clumsy hand syndrome,yellow,https://radiopaedia.org/articles/lacunar-stroke-syndrome,https://radiopaedia.org/articles/lacunar-stroke-syndrome,https://radiopaedia.org/articles/lacunar-stroke-syndrome,https://radiopaedia.org/articles/lacunar-stroke-syndrome,
Sep09,Cortical malformations,Polymicrogyria,Lissencephaly,Periventricular nodular heterotopia,Schizencephaly,purple,https://radiopaedia.org/articles/polymicrogyria,https://radiopaedia.org/articles/lissencephaly-pachygyria-spectrum-2,https://radiopaedia.org/articles/subependymal-grey-matter-heterotopia-1,https://radiopaedia.org/articles/schizencephaly,
Sep10,,,,,,,,,,,
Sep10,,,,,,,,,,,
Sep10,,,,,,,,,,,
Sep10,,,,,,,,,,,
Sep11,,,,,,,,,,,
Sep11,,,,,,,,,,,
Sep11,,,,,,,,,,,
Sep11,,,,,,,,,,,
Sep12,,,,,,,,,,,
Sep12,,,,,,,,,,,
Sep12,,,,,,,,,,,
Sep12,,,,,,,,,,,
Sep13,,,,,,,,,,,
Sep13,,,,,,,,,,,
Sep13,,,,,,,,,,,
Sep13,,,,,,,,,,,
Sep14,,,,,,,,,,,
Sep14,,,,,,,,,,,
Sep14,,,,,,,,,,,
Sep14,,,,,,,,,,,
Sep15,,,,,,,,,,,
Sep15,,,,,,,,,,,
Sep15,,,,,,,,,,,
Sep15,,,,,,,,,,,
Sep16,,,,,,,,,,,
Sep16,,,,,,,,,,,
Sep16,,,,,,,,,,,
Sep16,,,,,,,,,,,
Sep17,,,,,,,,,,,
Sep17,,,,,,,,,,,
Sep17,,,,,,,,,,,
Sep17,,,,,,,,,,,
Sep18,,,,,,,,,,,
Sep18,,,,,,,,,,,
Sep18,,,,,,,,,,,
Sep18,,,,,,,,,,,
Sep19,,,,,,,,,,,
Sep19,,,,,,,,,,,
Sep19,,,,,,,,,,,
Sep19,,,,,,,,,,,
Sep20,,,,,,,,,,,
Sep20,,,,,,,,,,,
Sep20,,,,,,,,,,,
Sep20,,,,,,,,,,,
Sep21,,,,,,,,,,,
Sep21,,,,,,,,,,,
Sep21,,,,,,,,,,,
Sep21,,,,,,,,,,,
Sep22,,,,,,,,,,,
Sep22,,,,,,,,,,,
Sep22,,,,,,,,,,,
Sep22,,,,,,,,,,,
Sep23,,,,,,,,,,,
Sep23,,,,,,,,,,,
Sep23,,,,,,,,,,,
Sep23,,,,,,,,,,,
Sep24,,,,,,,,,,,
Sep24,,,,,,,,,,,
Sep24,,,,,,,,,,,
Sep24,,,,,,,,,,,
Sep25,,,,,,,,,,,
Sep25,,,,,,,,,,,
Sep25,,,,,,,,,,,
Sep25,,,,,,,,,,,
Sep26,,,,,,,,,,,
Sep26,,,,,,,,,,,
Sep26,,,,,,,,,,,
Sep26,,,,,,,,,,,
Sep27,,,,,,,,,,,
Sep27,,,,,,,,,,,
Sep27,,,,,,,,,,,
Sep27,,,,,,,,,,,
Sep28,,,,,,,,,,,
Sep28,,,,,,,,,,,
Sep28,,,,,,,,,,,
Sep28,,,,,,,,,,,
Sep29,,,,,,,,,,,
Sep29,,,,,,,,,,,
Sep29,,,,,,,,,,,
Sep29,,,,,,,,,,,
Sep30,,,,,,,,,,,
Sep30,,,,,,,,,,,
Sep30,,,,,,,,,,,
Sep30,,,,,,,,,,,
Oct01,,,,,,,,,,,
Oct01,,,,,,,,,,,
Oct01,,,,,,,,,,,
Oct01,,,,,,,,,,,
Oct02,,,,,,,,,,,
Oct02,,,,,,,,,,,
Oct02,,,,,,,,,,,
Oct02,,,,,,,,,,,
Oct03,,,,,,,,,,,
Oct03,,,,,,,,,,,
Oct03,,,,,,,,,,,
Oct03,,,,,,,,,,,
Oct04,,,,,,,,,,,
Oct04,,,,,,,,,,,
Oct04,,,,,,,,,,,
Oct04,,,,,,,,,,,
Oct05,,,,,,,,,,,
Oct05,,,,,,,,,,,
Oct05,,,,,,,,,,,
Oct05,,,,,,,,,,,
Oct06,,,,,,,,,,,
Oct06,,,,,,,,,,,
Oct06,,,,,,,,,,,
Oct06,,,,,,,,,,,
Oct07,,,,,,,,,,,
Oct07,,,,,,,,,,,
Oct07,,,,,,,,,,,
Oct07,,,,,,,,,,,
Oct08,,,,,,,,,,,
Oct08,,,,,,,,,,,
Oct08,,,,,,,,,,,
Oct08,,,,,,,,,,,
Oct09,,,,,,,,,,,
Oct09,,,,,,,,,,,
Oct09,,,,,,,,,,,
Oct09,,,,,,,,,,,
Oct10,,,,,,,,,,,
Oct10,,,,,,,,,,,
Oct10,,,,,,,,,,,
Oct10,,,,,,,,,,,
Oct11,,,,,,,,,,,
Oct11,,,,,,,,,,,
Oct11,,,,,,,,,,,
Oct11,,,,,,,,,,,
Oct12,,,,,,,,,,,
Oct12,,,,,,,,,,,
Oct12,,,,,,,,,,,
Oct12,,,,,,,,,,,
Oct13,,,,,,,,,,,
Oct13,,,,,,,,,,,
Oct13,,,,,,,,,,,
Oct13,,,,,,,,,,,
Oct14,,,,,,,,,,,
Oct14,,,,,,,,,,,
Oct14,,,,,,,,,,,
Oct14,,,,,,,,,,,
Oct15,,,,,,,,,,,
Oct15,,,,,,,,,,,
Oct15,,,,,,,,,,,
Oct15,,,,,,,,,,,
Oct16,,,,,,,,,,,
Oct16,,,,,,,,,,,
Oct16,,,,,,,,,,,
Oct16,,,,,,,,,,,
Oct17,,,,,,,,,,,
Oct17,,,,,,,,,,,
Oct17,,,,,,,,,,,
Oct17,,,,,,,,,,,
Oct18,,,,,,,,,,,
Oct18,,,,,,,,,,,
Oct18,,,,,,,,,,,
Oct18,,,,,,,,,,,
Oct19,,,,,,,,,,,
Oct19,,,,,,,,,,,
Oct19,,,,,,,,,,,
Oct19,,,,,,,,,,,
Oct20,,,,,,,,,,,
Oct20,,,,,,,,,,,
Oct20,,,,,,,,,,,
Oct20,,,,,,,,,,,
Oct21,,,,,,,,,,,
Oct21,,,,,,,,,,,
Oct21,,,,,,,,,,,
Oct21,,,,,,,,,,,
Oct22,,,,,,,,,,,
Oct22,,,,,,,,,,,
Oct22,,,,,,,,,,,
Oct22,,,,,,,,,,,
Oct23,,,,,,,,,,,
Oct23,,,,,,,,,,,
Oct23,,,,,,,,,,,
Oct23,,,,,,,,,,,
Oct24,,,,,,,,,,,
Oct24,,,,,,,,,,,
Oct24,,,,,,,,,,,
Oct24,,,,,,,,,,,
Oct25,,,,,,,,,,,
Oct25,,,,,,,,,,,
Oct25,,,,,,,,,,,
Oct25,,,,,,,,,,,
Oct26,,,,,,,,,,,
Oct26,,,,,,,,,,,
Oct26,,,,,,,,,,,
Oct26,,,,,,,,,,,
Oct27,,,,,,,,,,,
Oct27,,,,,,,,,,,
Oct27,,,,,,,,,,,
Oct27,,,,,,,,,,,
Oct28,,,,,,,,,,,
Oct28,,,,,,,,,,,
Oct28,,,,,,,,,,,
Oct28,,,,,,,,,,,
Oct29,,,,,,,,,,,
Oct29,,,,,,,,,,,
Oct29,,,,,,,,,,,
Oct29,,,,,,,,,,,
Oct30,,,,,,,,,,,
Oct30,,,,,,,,,,,
Oct30,,,,,,,,,,,
Oct30,,,,,,,,,,,
Oct31,,,,,,,,,,,
Oct31,,,,,,,,,,,
Oct31,,,,,,,,,,,
Oct31,,,,,,,,,,,
Nov01,,,,,,,,,,,
Nov01,,,,,,,,,,,
Nov01,,,,,,,,,,,
Nov01,,,,,,,,,,,
Nov02,,,,,,,,,,,
Nov02,,,,,,,,,,,
Nov02,,,,,,,,,,,
Nov02,,,,,,,,,,,
Nov03,,,,,,,,,,,
Nov03,,,,,,,,,,,
Nov03,,,,,,,,,,,
Nov03,,,,,,,,,,,
Nov04,,,,,,,,,,,
Nov04,,,,,,,,,,,
Nov04,,,,,,,,,,,
Nov04,,,,,,,,,,,
Nov05,,,,,,,,,,,
Nov05,,,,,,,,,,,
Nov05,,,,,,,,,,,
Nov05,,,,,,,,,,,
Nov06,,,,,,,,,,,
Nov06,,,,,,,,,,,
Nov06,,,,,,,,,,,
Nov06,,,,,,,,,,,
Nov07,,,,,,,,,,,
Nov07,,,,,,,,,,,
Nov07,,,,,,,,,,,
Nov07,,,,,,,,,,,
Nov08,,,,,,,,,,,
Nov08,,,,,,,,,,,
Nov08,,,,,,,,,,,
Nov08,,,,,,,,,,,
Nov09,,,,,,,,,,,
Nov09,,,,,,,,,,,
Nov09,,,,,,,,,,,
Nov09,,,,,,,,,,,
Nov10,,,,,,,,,,,
Nov10,,,,,,,,,,,
Nov10,,,,,,,,,,,
Nov10,,,,,,,,,,,
Nov11,,,,,,,,,,,
Nov11,,,,,,,,,,,
Nov11,,,,,,,,,,,
Nov11,,,,,,,,,,,
Nov12,,,,,,,,,,,
Nov12,,,,,,,,,,,
Nov12,,,,,,,,,,,
Nov12,,,,,,,,,,,
Nov13,,,,,,,,,,,
Nov13,,,,,,,,,,,
Nov13,,,,,,,,,,,
Nov13,,,,,,,,,,,
Nov14,,,,,,,,,,,
Nov14,,,,,,,,,,,
Nov14,,,,,,,,,,,
Nov14,,,,,,,,,,,
Nov15,,,,,,,,,,,
Nov15,,,,,,,,,,,
Nov15,,,,,,,,,,,
Nov15,,,,,,,,,,,
Nov16,,,,,,,,,,,
Nov16,,,,,,,,,,,
Nov16,,,,,,,,,,,
Nov16,,,,,,,,,,,
Nov17,,,,,,,,,,,
Nov17,,,,,,,,,,,
Nov17,,,,,,,,,,,
Nov17,,,,,,,,,,,
Nov18,,,,,,,,,,,
Nov18,,,,,,,,,,,
Nov18,,,,,,,,,,,
Nov18,,,,,,,,,,,
Nov19,,,,,,,,,,,
Nov19,,,,,,,,,,,
Nov19,,,,,,,,,,,
Nov19,,,,,,,,,,,
Nov20,,,,,,,,,,,
Nov20,,,,,,,,,,,
Nov20,,,,,,,,,,,
Nov20,,,,,,,,,,,
Nov21,,,,,,,,,,,
Nov21,,,,,,,,,,,
Nov21,,,,,,,,,,,
Nov21,,,,,,,,,,,
Nov22,,,,,,,,,,,
Nov22,,,,,,,,,,,
Nov22,,,,,,,,,,,
Nov22,,,,,,,,,,,
Nov23,,,,,,,,,,,
Nov23,,,,,,,,,,,
Nov23,,,,,,,,,,,
Nov23,,,,,,,,,,,
Nov24,,,,,,,,,,,
Nov24,,,,,,,,,,,
Nov24,,,,,,,,,,,
Nov24,,,,,,,,,,,
Nov25,,,,,,,,,,,
Nov25,,,,,,,,,,,
Nov25,,,,,,,,,,,
Nov25,,,,,,,,,,,
Nov26,,,,,,,,,,,
Nov26,,,,,,,,,,,
Nov26,,,,,,,,,,,
Nov26,,,,,,,,,,,
Nov27,,,,,,,,,,,
Nov27,,,,,,,,,,,
Nov27,,,,,,,,,,,
Nov27,,,,,,,,,,,
Nov28,,,,,,,,,,,
Nov28,,,,,,,,,,,
Nov28,,,,,,,,,,,
Nov28,,,,,,,,,,,
Nov29,,,,,,,,,,,
Nov29,,,,,,,,,,,
Nov29,,,,,,,,,,,
Nov29,,,,,,,,,,,
Nov30,,,,,,,,,,,
Nov30,,,,,,,,,,,
Nov30,,,,,,,,,,,
Nov30,,,,,,,,,,,
Dec01,,,,,,,,,,,
Dec01,,,,,,,,,,,
Dec01,,,,,,,,,,,
Dec01,,,,,,,,,,,
Dec02,,,,,,,,,,,
Dec02,,,,,,,,,,,
Dec02,,,,,,,,,,,
Dec02,,,,,,,,,,,
Dec03,,,,,,,,,,,
Dec03,,,,,,,,,,,
Dec03,,,,,,,,,,,
Dec03,,,,,,,,,,,
Dec04,,,,,,,,,,,
Dec04,,,,,,,,,,,
Dec04,,,,,,,,,,,
Dec04,,,,,,,,,,,
Dec05,,,,,,,,,,,
Dec05,,,,,,,,,,,
Dec05,,,,,,,,,,,
Dec05,,,,,,,,,,,
Dec06,,,,,,,,,,,
Dec06,,,,,,,,,,,
Dec06,,,,,,,,,,,
Dec06,,,,,,,,,,,
Dec07,,,,,,,,,,,
Dec07,,,,,,,,,,,
Dec07,,,,,,,,,,,
Dec07,,,,,,,,,,,
Dec08,,,,,,,,,,,
Dec08,,,,,,,,,,,
Dec08,,,,,,,,,,,
Dec08,,,,,,,,,,,
Dec09,,,,,,,,,,,
Dec09,,,,,,,,,,,
Dec09,,,,,,,,,,,
Dec09,,,,,,,,,,,
Dec10,,,,,,,,,,,
Dec10,,,,,,,,,,,
Dec10,,,,,,,,,,,
Dec10,,,,,,,,,,,
Dec11,,,,,,,,,,,
Dec11,,,,,,,,,,,
Dec11,,,,,,,,,,,
Dec11,,,,,,,,,,,
Dec12,,,,,,,,,,,
Dec12,,,,,,,,,,,
Dec12,,,,,,,,,,,
Dec12,,,,,,,,,,,
Dec13,,,,,,,,,,,
Dec13,,,,,,,,,,,
Dec13,,,,,,,,,,,
Dec13,,,,,,,,,,,
Dec14,,,,,,,,,,,
Dec14,,,,,,,,,,,
Dec14,,,,,,,,,,,
Dec14,,,,,,,,,,,
Dec15,,,,,,,,,,,
Dec15,,,,,,,,,,,
Dec15,,,,,,,,,,,
Dec15,,,,,,,,,,,
Dec16,,,,,,,,,,,
Dec16,,,,,,,,,,,
Dec16,,,,,,,,,,,
Dec16,,,,,,,,,,,
Dec17,,,,,,,,,,,
Dec17,,,,,,,,,,,
Dec17,,,,,,,,,,,
Dec17,,,,,,,,,,,
Dec18,,,,,,,,,,,
Dec18,,,,,,,,,,,
Dec18,,,,,,,,,,,
Dec18,,,,,,,,,,,
Dec19,,,,,,,,,,,
Dec19,,,,,,,,,,,
Dec19,,,,,,,,,,,
Dec19,,,,,,,,,,,
Dec20,,,,,,,,,,,
Dec20,,,,,,,,,,,
Dec20,,,,,,,,,,,
Dec20,,,,,,,,,,,
Dec21,,,,,,,,,,,
Dec21,,,,,,,,,,,
Dec21,,,,,,,,,,,
Dec21,,,,,,,,,,,
Dec22,,,,,,,,,,,
Dec22,,,,,,,,,,,
Dec22,,,,,,,,,,,
Dec22,,,,,,,,,,,
Dec23,,,,,,,,,,,
Dec23,,,,,,,,,,,
Dec23,,,,,,,,,,,
Dec23,,,,,,,,,,,
Dec24,,,,,,,,,,,
Dec24,,,,,,,,,,,
Dec24,,,,,,,,,,,
Dec24,,,,,,,,,,,
Dec25,,,,,,,,,,,
Dec25,,,,,,,,,,,
Dec25,,,,,,,,,,,
Dec25,,,,,,,,,,,
Dec26,,,,,,,,,,,
Dec26,,,,,,,,,,,
Dec26,,,,,,,,,,,
Dec26,,,,,,,,,,,
Dec27,,,,,,,,,,,
Dec27,,,,,,,,,,,
Dec27,,,,,,,,,,,
Dec27,,,,,,,,,,,
Dec28,,,,,,,,,,,
Dec28,,,,,,,,,,,
Dec28,,,,,,,,,,,
Dec28,,,,,,,,,,,
Dec29,,,,,,,,,,,
Dec29,,,,,,,,,,,
Dec29,,,,,,,,,,,
Dec29,,,,,,,,,,,
Dec30,,,,,,,,,,,
Dec30,,,,,,,,,,,
Dec30,,,,,,,,,,,
Dec30,,,,,,,,,,,
Dec31,,,,,,,,,,,
Dec31,,,,,,,,,,,
Dec31,,,,,,,,,,,
Dec31,,,,,,,,,,,